Year,Mean Citations
2003,0.3790625
2004,1.8840505
2003+2004,2.263113
2005,2.5657914
2006,2.6182075
2007,2.567686
2008,2.5003783
2009,2.3690717
2010,2.2398521
2011,2.1543603
2012,1.8557934
