STPI_Score,Fract_Scores
0,0.025166543
1,0.155440415
2,0.29903775
3,0.303478905
4,0.216876388
